"ALB","","ALL","1990","0"
"ALB","","ALL","1991","0"
"ALB","","ALL","1992","0"
"ALB","","ALL","1993","0"
"ALB","","ALL","1994","0"
"ALB","","ALL","1995","0.03"
"ALB","","ALL","1996","0.06"
"ALB","","ALL","1997","0.51"
"ALB","","ALL","1998","0.24"
"ALB","","ALL","1999","0.3"
"ALB","","ALL","2002","0.32"
"ALB","","ALL","2003","0.19"
"ALB","","ALL","2004","0.22"
"ALB","","ALL","2005","0.07"
"ALB","","ALL","2006","0.47"
"ALB","","ALL","2007","1.04"
"ALB","","ALL","2009","0.99"
"ALB","","ALL","2010","0.89"
"ALB","","ALL","2013","3.14"
"AND","","ALL","2005","3.86"
"AND","","ALL","2006","0"
"AND","","ALL","2007","1.22"
"AND","","ALL","2008","1.19"
"AND","","ALL","2009","0"
"AND","","ALL","2010","2.37"
"AND","","ALL","2011","0"
"ARM","","ALL","1980","16.28"
"ARM","","ALL","1981","13.77"
"ARM","","ALL","1982","15"
"ARM","","ALL","1983","14.33"
"ARM","","ALL","1984","13.41"
"ARM","","ALL","1985","11.36"
"ARM","","ALL","1986","9.64"
"ARM","","ALL","1987","6.78"
"ARM","","ALL","1988","4.68"
"ARM","","ALL","1989","3.27"
"ARM","","ALL","1990","3.73"
"ARM","","ALL","1991","6.89"
"ARM","","ALL","1992","7.14"
"ARM","","ALL","1993","9.35"
"ARM","","ALL","1994","12.75"
"ARM","","ALL","1995","13.74"
"ARM","","ALL","1996","20.22"
"ARM","","ALL","1997","15.31"
"ARM","","ALL","1998","15.35"
"ARM","","ALL","1999","13.61"
"ARM","","ALL","2000","8.12"
"ARM","","ALL","2001","6.87"
"ARM","","ALL","2002","4.17"
"ARM","","ALL","2003","3.92"
"ARM","","ALL","2004","4.29"
"ARM","","ALL","2005","2.64"
"ARM","","ALL","2006","4.86"
"ARM","","ALL","2007","4.8"
"ARM","","ALL","2008","4.55"
"ARM","","ALL","2009","4.32"
"ARM","","ALL","2010","3.01"
"ARM","","ALL","2011","2.72"
"ARM","","ALL","2012","2.38"
"ARM","","ALL","2013","1.82"
"AUT","","ALL","1980","12.15"
"AUT","","ALL","1981","8.18"
"AUT","","ALL","1982","6.94"
"AUT","","ALL","1983","6.32"
"AUT","","ALL","1984","5.98"
"AUT","","ALL","1985","5.3"
"AUT","","ALL","1986","4.69"
"AUT","","ALL","1987","4.78"
"AUT","","ALL","1988","3.28"
"AUT","","ALL","1989","3.5"
"AUT","","ALL","1990","2.58"
"AUT","","ALL","1991","2.08"
"AUT","","ALL","1992","2.26"
"AUT","","ALL","1993","1.57"
"AUT","","ALL","1994","1.69"
"AUT","","ALL","1995","2.26"
"AUT","","ALL","1996","2.6"
"AUT","","ALL","1997","2.52"
"AUT","","ALL","1998","2.57"
"AUT","","ALL","1999","2.3"
"AUT","","ALL","2000","2.96"
"AUT","","ALL","2001","3.98"
"AUT","","ALL","2002","5.2"
"AUT","","ALL","2003","4.31"
"AUT","","ALL","2004","3.72"
"AUT","","ALL","2005","3.25"
"AUT","","ALL","2006","5.21"
"AUT","","ALL","2007","5.59"
"AUT","","ALL","2008","6.62"
"AUT","","ALL","2009","6.89"
"AUT","","ALL","2010","6.43"
"AUT","","ALL","2011","5.42"
"AUT","","ALL","2012","5.86"
"AZE","","ALL","1980","7.6"
"AZE","","ALL","1981","6.62"
"AZE","","ALL","1982","5.84"
"AZE","","ALL","1983","6.28"
"AZE","","ALL","1984","5.98"
"AZE","","ALL","1985","5.18"
"AZE","","ALL","1986","6.1"
"AZE","","ALL","1987","4.05"
"AZE","","ALL","1988","2.37"
"AZE","","ALL","1989","1.61"
"AZE","","ALL","1990","2.68"
"AZE","","ALL","1991","3.96"
"AZE","","ALL","1992","6"
"AZE","","ALL","1993","7.77"
"AZE","","ALL","1994","8.5"
"AZE","","ALL","1995","9.12"
"AZE","","ALL","1996","7.4"
"AZE","","ALL","1997","9.51"
"AZE","","ALL","1998","7.27"
"AZE","","ALL","1999","8.07"
"AZE","","ALL","2000","6.36"
"AZE","","ALL","2001","5.05"
"AZE","","ALL","2002","2.94"
"AZE","","ALL","2003","3.56"
"AZE","","ALL","2004","3.39"
"AZE","","ALL","2005","2.65"
"AZE","","ALL","2007","4.53"
"AZE","","ALL","2008","4.3"
"AZE","","ALL","2009","4.88"
"AZE","","ALL","2010","3.25"
"AZE","","ALL","2011","5.32"
"AZE","","ALL","2012","4.2"
"AZE","","ALL","2013","4.85"
"BEL","","ALL","1982","3.32"
"BEL","","ALL","1983","5.34"
"BEL","","ALL","1984","2.09"
"BEL","","ALL","1985","2.14"
"BEL","","ALL","1986","2.05"
"BEL","","ALL","1987","1.89"
"BEL","","ALL","1988","0.52"
"BEL","","ALL","1989","0.83"
"BEL","","ALL","1990","0.49"
"BEL","","ALL","1991","0.56"
"BEL","","ALL","1992","0.35"
"BEL","","ALL","1993","0.19"
"BEL","","ALL","1994","0.1"
"BEL","","ALL","1995","0.3"
"BEL","","ALL","1996","0.26"
"BEL","","ALL","1997","0.2"
"BEL","","ALL","1998","0.2"
"BEL","","ALL","1999","0.26"
"BEL","","ALL","2000","0.24"
"BEL","","ALL","2001","2.63"
"BEL","","ALL","2002","1.06"
"BEL","","ALL","2003","2.89"
"BEL","","ALL","2004","2.9"
"BEL","","ALL","2005","2.94"
"BEL","","ALL","2006","2.73"
"BEL","","ALL","2007","5.96"
"BEL","","ALL","2010","4.62"
"BEL","","ALL","2012","6.98"
"BEL","","ALL","2013","8.87"
"BGR","","ALL","1985","8.04"
"BGR","","ALL","1986","6.88"
"BGR","","ALL","1987","6.52"
"BGR","","ALL","1988","5.34"
"BGR","","ALL","1989","5.37"
"BGR","","ALL","1990","4.2"
"BGR","","ALL","1991","5.03"
"BGR","","ALL","1992","7.44"
"BGR","","ALL","1993","11.12"
"BGR","","ALL","1994","14.48"
"BGR","","ALL","1995","20.08"
"BGR","","ALL","1996","27.17"
"BGR","","ALL","1997","15.09"
"BGR","","ALL","1998","32.87"
"BGR","","ALL","1999","30.56"
"BGR","","ALL","2000","19.77"
"BGR","","ALL","2001","18.39"
"BGR","","ALL","2002","94.38"
"BGR","","ALL","2003","84.8"
"BGR","","ALL","2004","79.51"
"BGR","","ALL","2005","66.47"
"BGR","","ALL","2006","6.61"
"BGR","","ALL","2013","4.87"
"BIH","","ALL","2002","0.45"
"BIH","","ALL","2005","0.23"
"BIH","","ALL","2006","0.74"
"BIH","","ALL","2007","0.5"
"BIH","","ALL","2008","0.39"
"BIH","","ALL","2010","0.65"
"BIH","","ALL","2011","0.13"
"BIH","","ALL","2012","0.5"
"BLR","","ALL","1980","8.4"
"BLR","","ALL","1981","6.21"
"BLR","","ALL","1982","5.58"
"BLR","","ALL","1983","4.48"
"BLR","","ALL","1984","3.6"
"BLR","","ALL","1985","3.5"
"BLR","","ALL","1986","2.77"
"BLR","","ALL","1987","1.57"
"BLR","","ALL","1988","1.4"
"BLR","","ALL","1989","2.08"
"BLR","","ALL","1990","2.68"
"BLR","","ALL","1991","5.08"
"BLR","","ALL","1992","11.7"
"BLR","","ALL","1993","30.32"
"BLR","","ALL","1994","72.16"
"BLR","","ALL","1995","150.63"
"BLR","","ALL","1996","210.88"
"BLR","","ALL","1997","199.07"
"BLR","","ALL","1998","164.13"
"BLR","","ALL","1999","130.28"
"BLR","","ALL","2000","105.22"
"BLR","","ALL","2001","80.48"
"BLR","","ALL","2002","58.8"
"BLR","","ALL","2003","48.71"
"BLR","","ALL","2004","41.1"
"BLR","","ALL","2005","32.74"
"BLR","","ALL","2006","27.07"
"BLR","","ALL","2007","22.47"
"BLR","","ALL","2009","17.68"
"BLR","","ALL","2010","11.97"
"BLR","","ALL","2011","11.73"
"BLR","","ALL","2012","10.32"
"BLR","","ALL","2013","9.49"
"","CARINFONET","ALL","1980","15.21"
"","CARINFONET","ALL","1981","16.79"
"","CARINFONET","ALL","1982","17.46"
"","CARINFONET","ALL","1983","17.07"
"","CARINFONET","ALL","1984","16.35"
"","CARINFONET","ALL","1985","13.32"
"","CARINFONET","ALL","1986","8.55"
"","CARINFONET","ALL","1987","5.26"
"","CARINFONET","ALL","1988","3.29"
"","CARINFONET","ALL","1989","2.3"
"","CARINFONET","ALL","1990","1.59"
"","CARINFONET","ALL","1991","1.88"
"","CARINFONET","ALL","1992","2.68"
"","CARINFONET","ALL","1993","5.48"
"","CARINFONET","ALL","1994","17.71"
"","CARINFONET","ALL","1995","56.34"
"","CARINFONET","ALL","1996","103.5"
"","CARINFONET","ALL","1997","114.68"
"","CARINFONET","ALL","1998","101.12"
"","CARINFONET","ALL","1999","78.54"
"","CARINFONET","ALL","2000","66.1"
"","CARINFONET","ALL","2001","56.37"
"","CARINFONET","ALL","2002","50.17"
"","CARINFONET","ALL","2003","38.85"
"","CARINFONET","ALL","2004","34.1"
"","CARINFONET","ALL","2005","27.77"
"","CARINFONET","ALL","2006","24.29"
"","CARINFONET","ALL","2007","20.47"
"","CARINFONET","ALL","2009","19.08"
"","CARINFONET","ALL","2010","17.94"
"CHE","","ALL","1980","6.11"
"CHE","","ALL","1981","5.63"
"CHE","","ALL","1982","5.04"
"CHE","","ALL","1983","4.25"
"CHE","","ALL","1984","4.28"
"CHE","","ALL","1985","4.84"
"CHE","","ALL","1986","4.17"
"CHE","","ALL","1987","2.6"
"CHE","","ALL","1988","5.57"
"CHE","","ALL","1989","5.81"
"CHE","","ALL","1990","4.92"
"CHE","","ALL","1991","5"
"CHE","","ALL","1992","4.45"
"CHE","","ALL","1993","4.17"
"CHE","","ALL","1994","3.55"
"CHE","","ALL","1995","3.15"
"CHE","","ALL","1996","2.45"
"CHE","","ALL","1997","1.9"
"CHE","","ALL","1998","2.39"
"CHE","","ALL","2006","9.42"
"CHE","","ALL","2007","7.39"
"CHE","","ALL","2008","8.79"
"CHE","","ALL","2009","4.69"
"CHE","","ALL","2010","4.89"
"CHE","","ALL","2011","5.11"
"CHE","","ALL","2012","6.79"
"","CIS","ALL","1980","23.51"
"","CIS","ALL","1981","21.75"
"","CIS","ALL","1982","20.14"
"","CIS","ALL","1983","18.69"
"","CIS","ALL","1984","17.52"
"","CIS","ALL","1985","15.06"
"","CIS","ALL","1986","12.7"
"","CIS","ALL","1987","10.73"
"","CIS","ALL","1988","9.84"
"","CIS","ALL","1989","9.68"
"","CIS","ALL","1990","10.23"
"","CIS","ALL","1991","11.49"
"","CIS","ALL","1992","15.62"
"","CIS","ALL","1993","28.61"
"","CIS","ALL","1994","66.84"
"","CIS","ALL","1995","136.03"
"","CIS","ALL","1996","199.8"
"","CIS","ALL","1997","207.65"
"","CIS","ALL","1998","178.69"
"","CIS","ALL","1999","142.36"
"","CIS","ALL","2000","122.94"
"","CIS","ALL","2001","105.62"
"","CIS","ALL","2002","88.95"
"","CIS","ALL","2003","70.39"
"","CIS","ALL","2004","59.58"
"","CIS","ALL","2005","50.13"
"","CIS","ALL","2006","46.02"
"","CIS","ALL","2007","43.85"
"","CIS","ALL","2008","41.37"
"","CIS","ALL","2009","37.61"
"","CIS","ALL","2010","30.84"
"","CIS","ALL","2011","25.35"
"CYP","","ALL","1984","5.42"
"CYP","","ALL","1985","5.36"
"CYP","","ALL","1986","4.2"
"CYP","","ALL","1987","5.78"
"CYP","","ALL","1988","3.93"
"CYP","","ALL","1989","3.88"
"CYP","","ALL","1990","2.76"
"CYP","","ALL","1991","2.19"
"CYP","","ALL","1992","2.46"
"CYP","","ALL","1993","2.4"
"CYP","","ALL","1994","3.13"
"CYP","","ALL","1995","3.53"
"CYP","","ALL","1996","4.84"
"CYP","","ALL","1997","4.77"
"CYP","","ALL","1998","4.86"
"CYP","","ALL","1999","3.5"
"CYP","","ALL","2000","4.61"
"CYP","","ALL","2001","3.85"
"CYP","","ALL","2002","2.96"
"CYP","","ALL","2003","2.91"
"CYP","","ALL","2004","1.64"
"CYP","","ALL","2005","2.83"
"CYP","","ALL","2006","1.72"
"CYP","","ALL","2007","0.52"
"CYP","","ALL","2008","1.77"
"CYP","","ALL","2009","1.85"
"CYP","","ALL","2010","2.4"
"CYP","","ALL","2011","1.88"
"CYP","","ALL","2012","0.69"
"CYP","","ALL","2013","1.39"
"CZE","","ALL","1980","5.22"
"CZE","","ALL","1981","4.45"
"CZE","","ALL","1982","3.25"
"CZE","","ALL","1983","3.46"
"CZE","","ALL","1984","3.39"
"CZE","","ALL","1985","2.76"
"CZE","","ALL","1986","1.93"
"CZE","","ALL","1987","1.92"
"CZE","","ALL","1988","1.95"
"CZE","","ALL","1989","1.32"
"CZE","","ALL","1990","1.5"
"CZE","","ALL","1991","2.42"
"CZE","","ALL","1992","2.57"
"CZE","","ALL","1993","2.26"
"CZE","","ALL","1994","3.57"
"CZE","","ALL","1995","4.19"
"CZE","","ALL","1996","5.34"
"CZE","","ALL","1997","5.86"
"CZE","","ALL","1998","6.67"
"CZE","","ALL","1999","7.11"
"CZE","","ALL","2000","9.41"
"CZE","","ALL","2001","13.46"
"CZE","","ALL","2002","9.57"
"CZE","","ALL","2003","8.32"
"CZE","","ALL","2004","6.73"
"CZE","","ALL","2005","5.45"
"CZE","","ALL","2006","4.95"
"CZE","","ALL","2008","7.74"
"CZE","","ALL","2009","9.23"
"CZE","","ALL","2010","9.43"
"CZE","","ALL","2011","6.16"
"CZE","","ALL","2012","6.27"
"CZE","","ALL","2013","6.18"
"DEU","","ALL","1990","1.09"
"DEU","","ALL","1991","1.59"
"DEU","","ALL","1992","1.72"
"DEU","","ALL","1993","1.66"
"DEU","","ALL","1994","1.28"
"DEU","","ALL","1995","1.39"
"DEU","","ALL","1996","1.38"
"DEU","","ALL","1997","1.38"
"DEU","","ALL","1998","1.4"
"DEU","","ALL","1999","1.4"
"DEU","","ALL","2000","1.38"
"DEU","","ALL","2001","1.98"
"DEU","","ALL","2002","2.76"
"DEU","","ALL","2003","3.55"
"DEU","","ALL","2004","4.06"
"DEU","","ALL","2005","3.89"
"DEU","","ALL","2006","3.82"
"DEU","","ALL","2007","3.95"
"DEU","","ALL","2008","3.86"
"DEU","","ALL","2009","3.12"
"DEU","","ALL","2010","3.7"
"DEU","","ALL","2011","4.52"
"DNK","","ALL","1980","10.6"
"DNK","","ALL","1981","11.01"
"DNK","","ALL","1982","10.9"
"DNK","","ALL","1983","7.08"
"DNK","","ALL","1984","4.93"
"DNK","","ALL","1985","6.14"
"DNK","","ALL","1986","3.34"
"DNK","","ALL","1987","1.91"
"DNK","","ALL","1988","1.52"
"DNK","","ALL","1989","2.3"
"DNK","","ALL","1990","1.46"
"DNK","","ALL","1991","1.2"
"DNK","","ALL","1992","1.03"
"DNK","","ALL","1993","1.1"
"DNK","","ALL","1994","0.58"
"DNK","","ALL","1995","0.8"
"DNK","","ALL","1996","0.78"
"DNK","","ALL","1997","1.12"
"DNK","","ALL","1998","0.83"
"DNK","","ALL","1999","0.64"
"DNK","","ALL","2000","1.01"
"DNK","","ALL","2001","0.95"
"DNK","","ALL","2002","0.65"
"DNK","","ALL","2003","1.47"
"DNK","","ALL","2004","2.11"
"DNK","","ALL","2005","2.16"
"DNK","","ALL","2006","1.4"
"DNK","","ALL","2007","1.7"
"DNK","","ALL","2008","2.57"
"DNK","","ALL","2009","5.31"
"DNK","","ALL","2010","7.49"
"DNK","","ALL","2011","7.67"
"DNK","","ALL","2012","6.14"
"DNK","","ALL","2013","5.78"
"ESP","","ALL","1982","4.62"
"ESP","","ALL","1983","8.73"
"ESP","","ALL","1984","10.48"
"ESP","","ALL","1985","10.33"
"ESP","","ALL","1986","9.88"
"ESP","","ALL","1987","8.14"
"ESP","","ALL","1988","6.13"
"ESP","","ALL","1989","4.65"
"ESP","","ALL","1990","4.33"
"ESP","","ALL","1991","3.87"
"ESP","","ALL","1992","3.22"
"ESP","","ALL","1993","3.07"
"ESP","","ALL","1994","3.43"
"ESP","","ALL","1995","2.58"
"ESP","","ALL","1996","2.1"
"ESP","","ALL","1997","1.94"
"ESP","","ALL","1998","1.96"
"ESP","","ALL","1999","1.7"
"ESP","","ALL","2000","1.76"
"ESP","","ALL","2001","1.72"
"ESP","","ALL","2002","1.78"
"ESP","","ALL","2003","2.18"
"ESP","","ALL","2004","2.46"
"ESP","","ALL","2005","1.19"
"ESP","","ALL","2006","1.7"
"ESP","","ALL","2007","0.59"
"ESP","","ALL","2009","5.39"
"ESP","","ALL","2010","6.08"
"ESP","","ALL","2011","6.31"
"ESP","","ALL","2012","1.54"
"ESP","","ALL","2013","1.57"
"EST","","ALL","1980","29.11"
"EST","","ALL","1981","17.75"
"EST","","ALL","1982","8.28"
"EST","","ALL","1983","7.16"
"EST","","ALL","1984","6.85"
"EST","","ALL","1985","6.8"
"EST","","ALL","1986","5.45"
"EST","","ALL","1987","3.35"
"EST","","ALL","1988","4.23"
"EST","","ALL","1989","3.63"
"EST","","ALL","1990","3.38"
"EST","","ALL","1991","7.43"
"EST","","ALL","1992","11.48"
"EST","","ALL","1993","22.89"
"EST","","ALL","1994","58.26"
"EST","","ALL","1995","71.97"
"EST","","ALL","1996","68.66"
"EST","","ALL","1997","78.53"
"EST","","ALL","1998","75.75"
"EST","","ALL","1999","58.44"
"EST","","ALL","2000","43.31"
"EST","","ALL","2001","29.39"
"EST","","ALL","2002","15.8"
"EST","","ALL","2003","14.59"
"EST","","ALL","2004","14.09"
"EST","","ALL","2005","8.19"
"EST","","ALL","2006","9.28"
"EST","","ALL","2007","5.67"
"EST","","ALL","2008","5.31"
"EST","","ALL","2009","4.42"
"EST","","ALL","2010","5.18"
"EST","","ALL","2011","5.05"
"EST","","ALL","2012","3.1"
"EST","","ALL","2013","2.88"
"","EU_AFTER_MAY2004","ALL","1980","10.07"
"","EU_AFTER_MAY2004","ALL","1981","8.39"
"","EU_AFTER_MAY2004","ALL","1982","7.96"
"","EU_AFTER_MAY2004","ALL","1983","7.33"
"","EU_AFTER_MAY2004","ALL","1984","6.75"
"","EU_AFTER_MAY2004","ALL","1985","4.28"
"","EU_AFTER_MAY2004","ALL","1986","5.34"
"","EU_AFTER_MAY2004","ALL","1987","5.4"
"","EU_AFTER_MAY2004","ALL","1988","5.64"
"","EU_AFTER_MAY2004","ALL","1989","6.85"
"","EU_AFTER_MAY2004","ALL","1990","7.55"
"","EU_AFTER_MAY2004","ALL","1991","8.52"
"","EU_AFTER_MAY2004","ALL","1992","8.99"
"","EU_AFTER_MAY2004","ALL","1993","9.56"
"","EU_AFTER_MAY2004","ALL","1994","13.41"
"","EU_AFTER_MAY2004","ALL","1995","16.99"
"","EU_AFTER_MAY2004","ALL","1996","18.02"
"","EU_AFTER_MAY2004","ALL","1997","16.83"
"","EU_AFTER_MAY2004","ALL","1998","17.01"
"","EU_AFTER_MAY2004","ALL","1999","15.59"
"","EU_AFTER_MAY2004","ALL","2000","15.72"
"","EU_AFTER_MAY2004","ALL","2001","17.57"
"","EU_AFTER_MAY2004","ALL","2002","22.47"
"","EU_AFTER_MAY2004","ALL","2003","18.74"
"","EU_AFTER_MAY2004","ALL","2004","17.09"
"","EU_AFTER_MAY2004","ALL","2005","14"
"","EU_AFTER_MAY2004","ALL","2006","8.97"
"","EU_AFTER_MAY2004","ALL","2007","7.64"
"","EU_AFTER_MAY2004","ALL","2008","7.36"
"","EU_AFTER_MAY2004","ALL","2009","6.91"
"","EU_AFTER_MAY2004","ALL","2010","5.77"
"","EU_AFTER_MAY2004","ALL","2011","3.26"
"","EU_AFTER_MAY2004","ALL","2012","4.91"
"","EU_AFTER_MAY2004","ALL","2013","4.3"
"","EU_BEFORE_MAY2004","ALL","1982","3.97"
"","EU_BEFORE_MAY2004","ALL","1983","4.64"
"","EU_BEFORE_MAY2004","ALL","1984","4.43"
"","EU_BEFORE_MAY2004","ALL","1985","4.01"
"","EU_BEFORE_MAY2004","ALL","1986","3.35"
"","EU_BEFORE_MAY2004","ALL","1987","2.88"
"","EU_BEFORE_MAY2004","ALL","1988","2.17"
"","EU_BEFORE_MAY2004","ALL","1989","1.96"
"","EU_BEFORE_MAY2004","ALL","1990","1.86"
"","EU_BEFORE_MAY2004","ALL","1991","1.83"
"","EU_BEFORE_MAY2004","ALL","1992","1.71"
"","EU_BEFORE_MAY2004","ALL","1993","1.67"
"","EU_BEFORE_MAY2004","ALL","1994","1.63"
"","EU_BEFORE_MAY2004","ALL","1995","1.24"
"","EU_BEFORE_MAY2004","ALL","1996","1.19"
"","EU_BEFORE_MAY2004","ALL","1997","1.17"
"","EU_BEFORE_MAY2004","ALL","1998","1.08"
"","EU_BEFORE_MAY2004","ALL","1999","1.09"
"","EU_BEFORE_MAY2004","ALL","2000","1.2"
"","EU_BEFORE_MAY2004","ALL","2001","1.67"
"","EU_BEFORE_MAY2004","ALL","2002","2.18"
"","EU_BEFORE_MAY2004","ALL","2003","2.48"
"","EU_BEFORE_MAY2004","ALL","2004","2.9"
"","EU_BEFORE_MAY2004","ALL","2005","2.77"
"","EU_BEFORE_MAY2004","ALL","2006","2.88"
"","EU_BEFORE_MAY2004","ALL","2007","3.33"
"","EU_BEFORE_MAY2004","ALL","2008","3.16"
"","EU_BEFORE_MAY2004","ALL","2009","3.29"
"","EU_BEFORE_MAY2004","ALL","2010","3.48"
"","EU_BEFORE_MAY2004","ALL","2011","3.85"
"","EU_BEFORE_MAY2004","ALL","2012","3.51"
"","EU_MEMBERS","ALL","1980","5.8"
"","EU_MEMBERS","ALL","1981","5.22"
"","EU_MEMBERS","ALL","1982","5.02"
"","EU_MEMBERS","ALL","1983","5.35"
"","EU_MEMBERS","ALL","1984","5.04"
"","EU_MEMBERS","ALL","1985","4.08"
"","EU_MEMBERS","ALL","1986","3.88"
"","EU_MEMBERS","ALL","1987","3.55"
"","EU_MEMBERS","ALL","1988","3.1"
"","EU_MEMBERS","ALL","1989","3.26"
"","EU_MEMBERS","ALL","1990","3.38"
"","EU_MEMBERS","ALL","1991","3.61"
"","EU_MEMBERS","ALL","1992","3.63"
"","EU_MEMBERS","ALL","1993","3.75"
"","EU_MEMBERS","ALL","1994","4.72"
"","EU_MEMBERS","ALL","1995","5.36"
"","EU_MEMBERS","ALL","1996","5.57"
"","EU_MEMBERS","ALL","1997","5.24"
"","EU_MEMBERS","ALL","1998","5.21"
"","EU_MEMBERS","ALL","1999","4.83"
"","EU_MEMBERS","ALL","2000","4.93"
"","EU_MEMBERS","ALL","2001","5.73"
"","EU_MEMBERS","ALL","2002","7.31"
"","EU_MEMBERS","ALL","2003","6.57"
"","EU_MEMBERS","ALL","2004","6.45"
"","EU_MEMBERS","ALL","2005","5.57"
"","EU_MEMBERS","ALL","2006","4.38"
"","EU_MEMBERS","ALL","2007","4.39"
"","EU_MEMBERS","ALL","2008","4.19"
"","EU_MEMBERS","ALL","2009","4.18"
"","EU_MEMBERS","ALL","2010","4.03"
"","EU_MEMBERS","ALL","2011","3.71"
"","EU_MEMBERS","ALL","2012","3.85"
"","EU_MEMBERS","ALL","2013","3.75"
"FIN","","ALL","1993","0.95"
"FIN","","ALL","1994","1.24"
"FIN","","ALL","1995","3.31"
"FIN","","ALL","1996","4.27"
"FIN","","ALL","1997","3.35"
"FIN","","ALL","1998","3.63"
"FIN","","ALL","1999","2.71"
"FIN","","ALL","2000","3.94"
"FIN","","ALL","2001","3.06"
"FIN","","ALL","2002","2.46"
"FIN","","ALL","2003","2.55"
"FIN","","ALL","2004","2.08"
"FIN","","ALL","2005","2.74"
"FIN","","ALL","2006","2.43"
"FIN","","ALL","2007","3.52"
"FIN","","ALL","2008","4.07"
"FIN","","ALL","2009","3.73"
"FIN","","ALL","2010","3.88"
"FIN","","ALL","2011","3.34"
"GBR","","ALL","1980","7.21"
"GBR","","ALL","1981","6.76"
"GBR","","ALL","1982","6.33"
"GBR","","ALL","1983","5.91"
"GBR","","ALL","1984","5.2"
"GBR","","ALL","1985","4.25"
"GBR","","ALL","1986","3.41"
"GBR","","ALL","1987","2.71"
"GBR","","ALL","1988","2.18"
"GBR","","ALL","1989","2.27"
"GBR","","ALL","1990","2.38"
"GBR","","ALL","1991","2.51"
"GBR","","ALL","1992","2.43"
"GBR","","ALL","1993","2.46"
"GBR","","ALL","1994","2.54"
"GBR","","ALL","1995","0.47"
"GBR","","ALL","1996","0.48"
"GBR","","ALL","1997","0.5"
"GBR","","ALL","1998","0.48"
"GBR","","ALL","1999","0.7"
"GBR","","ALL","2000","0.93"
"GBR","","ALL","2001","1.83"
"GBR","","ALL","2002","2.8"
"GBR","","ALL","2003","3.63"
"GBR","","ALL","2004","4.89"
"GBR","","ALL","2005","5.78"
"GBR","","ALL","2006","5.75"
"GBR","","ALL","2007","6.57"
"GBR","","ALL","2008","5.39"
"GBR","","ALL","2009","5.2"
"GBR","","ALL","2010","4.68"
"GBR","","ALL","2012","5.21"
"GEO","","ALL","1980","23.64"
"GEO","","ALL","1981","20.74"
"GEO","","ALL","1982","17.48"
"GEO","","ALL","1983","19"
"GEO","","ALL","1984","17.64"
"GEO","","ALL","1985","16.95"
"GEO","","ALL","1986","20.77"
"GEO","","ALL","1987","25.13"
"GEO","","ALL","1988","20.87"
"GEO","","ALL","1989","15.22"
"GEO","","ALL","1990","12.43"
"GEO","","ALL","1991","13.28"
"GEO","","ALL","1992","13.5"
"GEO","","ALL","1993","12.71"
"GEO","","ALL","1994","15.63"
"GEO","","ALL","1995","18.52"
"GEO","","ALL","1996","18.8"
"GEO","","ALL","1997","47.09"
"GEO","","ALL","1998","49.14"
"GEO","","ALL","1999","26.41"
"GEO","","ALL","2000","19.76"
"GEO","","ALL","2001","28.66"
"GEO","","ALL","2002","31.35"
"GEO","","ALL","2003","21.07"
"GEO","","ALL","2004","15.77"
"GEO","","ALL","2005","11.67"
"GEO","","ALL","2006","11.03"
"GEO","","ALL","2007","8.18"
"GEO","","ALL","2008","7.89"
"GEO","","ALL","2009","11.4"
"GEO","","ALL","2010","13.4"
"GEO","","ALL","2011","10.93"
"GEO","","ALL","2012","13.85"
"GEO","","ALL","2013","24.63"
"GRC","","ALL","1989","0.27"
"GRC","","ALL","1990","0.07"
"GRC","","ALL","1991","0.09"
"GRC","","ALL","1993","0.21"
"GRC","","ALL","1996","0.63"
"GRC","","ALL","1998","0.07"
"GRC","","ALL","1999","0.03"
"GRC","","ALL","2000","0.06"
"GRC","","ALL","2001","0.03"
"HRV","","ALL","1980","4.67"
"HRV","","ALL","1981","4.15"
"HRV","","ALL","1982","5.18"
"HRV","","ALL","1983","6.26"
"HRV","","ALL","1984","2.9"
"HRV","","ALL","1985","2.74"
"HRV","","ALL","1986","1.74"
"HRV","","ALL","1987","1.65"
"HRV","","ALL","1988","1.39"
"HRV","","ALL","1989","1.68"
"HRV","","ALL","1990","0.61"
"HRV","","ALL","1991","0.38"
"HRV","","ALL","1992","0.31"
"HRV","","ALL","1993","0.5"
"HRV","","ALL","1994","0.33"
"HRV","","ALL","1995","1.05"
"HRV","","ALL","1996","0.36"
"HRV","","ALL","1997","0.44"
"HRV","","ALL","1998","0.31"
"HRV","","ALL","1999","0.44"
"HRV","","ALL","2000","0.23"
"HRV","","ALL","2001","0.45"
"HRV","","ALL","2002","0.25"
"HRV","","ALL","2003","0.41"
"HRV","","ALL","2004","1.06"
"HRV","","ALL","2005","0.83"
"HRV","","ALL","2006","1.08"
"HRV","","ALL","2007","1.4"
"HRV","","ALL","2008","0.7"
"HRV","","ALL","2009","1.22"
"HRV","","ALL","2010","0.41"
"HRV","","ALL","2011","0.41"
"HRV","","ALL","2012","0.66"
"HRV","","ALL","2013","1.81"
"HUN","","ALL","1980","4.86"
"HUN","","ALL","1981","5.17"
"HUN","","ALL","1982","3.83"
"HUN","","ALL","1983","3.11"
"HUN","","ALL","1984","3.2"
"HUN","","ALL","1985","2.6"
"HUN","","ALL","1986","2.02"
"HUN","","ALL","1987","1.59"
"HUN","","ALL","1988","1.54"
"HUN","","ALL","1989","0.93"
"HUN","","ALL","1990","1.2"
"HUN","","ALL","1991","1.46"
"HUN","","ALL","1992","1.98"
"HUN","","ALL","1993","1.37"
"HUN","","ALL","1994","2.33"
"HUN","","ALL","1995","2.31"
"HUN","","ALL","1996","2.12"
"HUN","","ALL","1997","2.88"
"HUN","","ALL","1998","3.04"
"HUN","","ALL","1999","2.54"
"HUN","","ALL","2000","3.57"
"HUN","","ALL","2001","4.19"
"HUN","","ALL","2002","3.76"
"HUN","","ALL","2003","3.63"
"HUN","","ALL","2004","4.55"
"HUN","","ALL","2005","5.4"
"HUN","","ALL","2006","5.57"
"HUN","","ALL","2007","3.94"
"HUN","","ALL","2008","5.5"
"HUN","","ALL","2009","4.89"
"HUN","","ALL","2010","5.05"
"HUN","","ALL","2011","5.67"
"HUN","","ALL","2012","6.26"
"HUN","","ALL","2013","6.36"
"IRL","","ALL","1989","0.34"
"IRL","","ALL","1990","0.54"
"IRL","","ALL","1991","0.57"
"IRL","","ALL","1992","0.56"
"IRL","","ALL","1993","0.22"
"IRL","","ALL","1994","0.31"
"IRL","","ALL","1995","0.31"
"IRL","","ALL","1996","0.47"
"IRL","","ALL","1997","0.44"
"IRL","","ALL","1998","0.41"
"IRL","","ALL","1999","0.16"
"IRL","","ALL","2000","0.79"
"IRL","","ALL","2001","2.42"
"IRL","","ALL","2002","1.33"
"IRL","","ALL","2003","0.88"
"IRL","","ALL","2004","1.58"
"IRL","","ALL","2005","0.39"
"IRL","","ALL","2006","0.07"
"IRL","","ALL","2008","0"
"IRL","","ALL","2009","0.04"
"IRL","","ALL","2010","2.4"
"IRL","","ALL","2012","12.3"
"ISL","","ALL","1980","6.57"
"ISL","","ALL","1981","4.77"
"ISL","","ALL","1982","7.69"
"ISL","","ALL","1983","27.84"
"ISL","","ALL","1984","25.47"
"ISL","","ALL","1985","13.26"
"ISL","","ALL","1986","18.09"
"ISL","","ALL","1987","13.01"
"ISL","","ALL","1988","14.41"
"ISL","","ALL","1989","10.29"
"ISL","","ALL","1990","12.56"
"ISL","","ALL","1991","9.3"
"ISL","","ALL","1992","7.28"
"ISL","","ALL","1993","6.44"
"ISL","","ALL","1994","11.28"
"ISL","","ALL","1995","13.84"
"ISL","","ALL","1996","8.93"
"ISL","","ALL","1997","9.97"
"ISL","","ALL","1998","9.13"
"ISL","","ALL","1999","15.15"
"ISL","","ALL","2000","18.5"
"ISL","","ALL","2001","11.23"
"ISL","","ALL","2002","4.17"
"ISL","","ALL","2003","1.04"
"ISL","","ALL","2004","1.71"
"ISL","","ALL","2005","1.01"
"ISL","","ALL","2006","1.97"
"ISL","","ALL","2008","0.31"
"ISL","","ALL","2010","1.57"
"ISL","","ALL","2011","0.63"
"ISL","","ALL","2012","0"
"ISR","","ALL","1980","3.61"
"ISR","","ALL","1981","4.43"
"ISR","","ALL","1982","3.35"
"ISR","","ALL","1983","2.35"
"ISR","","ALL","1984","3.53"
"ISR","","ALL","1985","3.83"
"ISR","","ALL","1986","1.51"
"ISR","","ALL","1987","1.28"
"ISR","","ALL","1988","0.95"
"ISR","","ALL","1989","1.42"
"ISR","","ALL","1990","2.17"
"ISR","","ALL","1991","3.62"
"ISR","","ALL","1992","3.53"
"ISR","","ALL","1993","3.44"
"ISR","","ALL","1994","2.2"
"ISR","","ALL","1995","2.24"
"ISR","","ALL","1996","2.52"
"ISR","","ALL","1997","2.87"
"ISR","","ALL","1998","3.5"
"ISR","","ALL","1999","4.96"
"ISR","","ALL","2000","3.96"
"ISR","","ALL","2001","5.82"
"ISR","","ALL","2002","5.63"
"ISR","","ALL","2003","5.05"
"ISR","","ALL","2004","4.49"
"ISR","","ALL","2005","4.21"
"ISR","","ALL","2006","3.7"
"ISR","","ALL","2007","5.03"
"ISR","","ALL","2008","3.16"
"ISR","","ALL","2009","2.34"
"ISR","","ALL","2010","1.72"
"ISR","","ALL","2011","2.47"
"ISR","","ALL","2012","2.79"
"ISR","","ALL","2013","3.46"
"ITA","","ALL","1980","4.38"
"ITA","","ALL","1981","3.98"
"ITA","","ALL","1982","4.14"
"ITA","","ALL","1983","6.36"
"ITA","","ALL","1984","6.05"
"ITA","","ALL","1985","5.16"
"ITA","","ALL","1986","3.54"
"ITA","","ALL","1987","2.65"
"ITA","","ALL","1988","1.73"
"ITA","","ALL","1989","1.12"
"ITA","","ALL","1990","1.06"
"ITA","","ALL","1991","0.93"
"ITA","","ALL","1992","0.81"
"ITA","","ALL","1993","0.92"
"ITA","","ALL","1994","0.96"
"ITA","","ALL","1995","0.85"
"ITA","","ALL","1996","0.77"
"ITA","","ALL","1997","0.77"
"ITA","","ALL","1998","0.65"
"ITA","","ALL","1999","0.56"
"ITA","","ALL","2000","0.62"
"ITA","","ALL","2001","0.79"
"ITA","","ALL","2002","1.39"
"ITA","","ALL","2003","0"
"ITA","","ALL","2004","0"
"ITA","","ALL","2005","0"
"ITA","","ALL","2006","0"
"ITA","","ALL","2007","1.7"
"ITA","","ALL","2008","0"
"ITA","","ALL","2009","0.07"
"ITA","","ALL","2011","0"
"ITA","","ALL","2012","0.92"
"KAZ","","ALL","1980","18.07"
"KAZ","","ALL","1981","20.77"
"KAZ","","ALL","1982","19.5"
"KAZ","","ALL","1984","18.14"
"KAZ","","ALL","1985","14.47"
"KAZ","","ALL","1986","10.28"
"KAZ","","ALL","1987","4.76"
"KAZ","","ALL","1988","2.43"
"KAZ","","ALL","1989","1.78"
"KAZ","","ALL","1990","1.45"
"KAZ","","ALL","1991","2.11"
"KAZ","","ALL","1992","3.49"
"KAZ","","ALL","1993","8.15"
"KAZ","","ALL","1994","32.32"
"KAZ","","ALL","1995","122.92"
"KAZ","","ALL","1996","238.67"
"KAZ","","ALL","1997","269.15"
"KAZ","","ALL","1998","239.13"
"KAZ","","ALL","1999","182.23"
"KAZ","","ALL","2000","161.38"
"KAZ","","ALL","2001","140.35"
"KAZ","","ALL","2002","123.2"
"KAZ","","ALL","2003","92.09"
"KAZ","","ALL","2004","79.31"
"KAZ","","ALL","2005","60.89"
"KAZ","","ALL","2006","53.53"
"KAZ","","ALL","2007","45.94"
"KGZ","","ALL","1980","39.09"
"KGZ","","ALL","1981","37.36"
"KGZ","","ALL","1982","31.18"
"KGZ","","ALL","1983","25.78"
"KGZ","","ALL","1984","23.87"
"KGZ","","ALL","1985","18.7"
"KGZ","","ALL","1986","9.64"
"KGZ","","ALL","1987","6.2"
"KGZ","","ALL","1988","3.7"
"KGZ","","ALL","1989","2.61"
"KGZ","","ALL","1990","1.97"
"KGZ","","ALL","1991","2.04"
"KGZ","","ALL","1992","2.76"
"KGZ","","ALL","1993","4.36"
"KGZ","","ALL","1994","22.45"
"KGZ","","ALL","1995","73.59"
"KGZ","","ALL","1996","164.71"
"KGZ","","ALL","1997","167.83"
"KGZ","","ALL","1998","144.18"
"KGZ","","ALL","1999","110.8"
"KGZ","","ALL","2000","87.53"
"KGZ","","ALL","2001","60.64"
"KGZ","","ALL","2002","53.71"
"KGZ","","ALL","2003","39"
"KGZ","","ALL","2004","40.45"
"KGZ","","ALL","2005","39.21"
"KGZ","","ALL","2006","32.74"
"KGZ","","ALL","2007","25.58"
"KGZ","","ALL","2009","22.31"
"KGZ","","ALL","2010","16.37"
"LTU","","ALL","1980","9.81"
"LTU","","ALL","1981","9.58"
"LTU","","ALL","1982","14.81"
"LTU","","ALL","1983","9.29"
"LTU","","ALL","1984","5.55"
"LTU","","ALL","1985","3.24"
"LTU","","ALL","1986","2.43"
"LTU","","ALL","1987","2.9"
"LTU","","ALL","1988","2.11"
"LTU","","ALL","1989","2.23"
"LTU","","ALL","1990","1.95"
"LTU","","ALL","1991","4.86"
"LTU","","ALL","1992","7.73"
"LTU","","ALL","1993","1.87"
"LTU","","ALL","1994","58.57"
"LTU","","ALL","1995","93.11"
"LTU","","ALL","1996","104.43"
"LTU","","ALL","1997","88"
"LTU","","ALL","1998","65.53"
"LTU","","ALL","1999","47.56"
"LTU","","ALL","2000","33.46"
"LTU","","ALL","2001","25.38"
"LTU","","ALL","2002","12.29"
"LTU","","ALL","2003","13.47"
"LTU","","ALL","2004","10.1"
"LTU","","ALL","2005","8.97"
"LTU","","ALL","2006","10.28"
"LTU","","ALL","2007","8.54"
"LTU","","ALL","2008","10.26"
"LTU","","ALL","2009","10.43"
"LTU","","ALL","2010","11.2"
"LTU","","ALL","2011","9.02"
"LTU","","ALL","2012","7.63"
"LTU","","ALL","2013","9.16"
"LUX","","ALL","1980","8.8"
"LUX","","ALL","1981","10.97"
"LUX","","ALL","1982","7.11"
"LUX","","ALL","1983","7.66"
"LUX","","ALL","1984","10.66"
"LUX","","ALL","1985","8.19"
"LUX","","ALL","1986","5.99"
"LUX","","ALL","1987","0.81"
"LUX","","ALL","1988","1.34"
"LUX","","ALL","1989","0.79"
"LUX","","ALL","1990","1.31"
"LUX","","ALL","1991","2.32"
"LUX","","ALL","1992","1.02"
"LUX","","ALL","1993","1.51"
"LUX","","ALL","1994","1.49"
"LUX","","ALL","1995","0.73"
"LUX","","ALL","1996","0.72"
"LUX","","ALL","1997","0.95"
"LUX","","ALL","1998","1.64"
"LUX","","ALL","1999","0.92"
"LUX","","ALL","2000","0.91"
"LUX","","ALL","2001","3.62"
"LUX","","ALL","2002","2.69"
"LUX","","ALL","2003","3.32"
"LUX","","ALL","2004","2.4"
"LUX","","ALL","2005","4.94"
"LUX","","ALL","2006","2.33"
"LUX","","ALL","2007","2.92"
"LUX","","ALL","2008","2.46"
"LUX","","ALL","2009","2.41"
"LUX","","ALL","2010","2.56"
"LUX","","ALL","2011","5.4"
"LUX","","ALL","2012","4.33"
"LUX","","ALL","2013","4.6"
"LVA","","ALL","1980","11.15"
"LVA","","ALL","1981","8.45"
"LVA","","ALL","1982","7.9"
"LVA","","ALL","1983","5.81"
"LVA","","ALL","1984","5.04"
"LVA","","ALL","1985","8.92"
"LVA","","ALL","1986","8.88"
"LVA","","ALL","1987","6.13"
"LVA","","ALL","1988","2.53"
"LVA","","ALL","1989","2.25"
"LVA","","ALL","1990","4.81"
"LVA","","ALL","1991","8.15"
"LVA","","ALL","1992","10.44"
"LVA","","ALL","1993","32.38"
"LVA","","ALL","1994","60.34"
"LVA","","ALL","1995","94.85"
"LVA","","ALL","1996","127.14"
"LVA","","ALL","1997","123.64"
"LVA","","ALL","1998","107.76"
"LVA","","ALL","1999","64.46"
"LVA","","ALL","2000","43.12"
"LVA","","ALL","2001","25.42"
"LVA","","ALL","2002","29.39"
"LVA","","ALL","2003","34.27"
"LVA","","ALL","2004","25.81"
"LVA","","ALL","2005","19.79"
"LVA","","ALL","2006","21.77"
"LVA","","ALL","2007","13.68"
"LVA","","ALL","2008","10.75"
"LVA","","ALL","2009","8.08"
"LVA","","ALL","2010","6.39"
"LVA","","ALL","2011","6.94"
"LVA","","ALL","2012","7.23"
"LVA","","ALL","2013","6.41"
"MCO","","ALL","2008","41.11"
"MDA","","ALL","1980","48.66"
"MDA","","ALL","1981","39.99"
"MDA","","ALL","1982","27.31"
"MDA","","ALL","1983","23.11"
"MDA","","ALL","1984","46.44"
"MDA","","ALL","1985","17.16"
"MDA","","ALL","1986","9.54"
"MDA","","ALL","1987","7.3"
"MDA","","ALL","1988","6.95"
"MDA","","ALL","1989","9.91"
"MDA","","ALL","1990","15.8"
"MDA","","ALL","1991","20.3"
"MDA","","ALL","1992","47.55"
"MDA","","ALL","1993","93.72"
"MDA","","ALL","1994","118.1"
"MDA","","ALL","1995","174.5"
"MDA","","ALL","1996","200.85"
"MDA","","ALL","1997","222.37"
"MDA","","ALL","1998","183.4"
"MDA","","ALL","1999","136.14"
"MDA","","ALL","2000","114.79"
"MDA","","ALL","2001","101.34"
"MDA","","ALL","2002","94.75"
"MDA","","ALL","2003","80.68"
"MDA","","ALL","2004","71.31"
"MDA","","ALL","2005","69.59"
"MDA","","ALL","2006","68.81"
"MDA","","ALL","2007","77.33"
"MDA","","ALL","2008","71.51"
"MDA","","ALL","2009","139.22"
"MDA","","ALL","2010","70.32"
"MDA","","ALL","2011","63.54"
"MDA","","ALL","2012","64.56"
"MDA","","ALL","2013","63.76"
"MKD","","ALL","1980","1.85"
"MKD","","ALL","1981","1.83"
"MKD","","ALL","1982","0.41"
"MKD","","ALL","1983","0.67"
"MKD","","ALL","1984","0.36"
"MKD","","ALL","1985","0.3"
"MKD","","ALL","1986","0.3"
"MKD","","ALL","1987","0.05"
"MKD","","ALL","1988","0.05"
"MKD","","ALL","1989","0.1"
"MKD","","ALL","1990","0"
"MKD","","ALL","1991","0.05"
"MKD","","ALL","1992","0"
"MKD","","ALL","1993","0.1"
"MKD","","ALL","1994","0.1"
"MKD","","ALL","1995","0.05"
"MKD","","ALL","1996","0.25"
"MKD","","ALL","1997","0"
"MKD","","ALL","1998","0.15"
"MKD","","ALL","1999","0.1"
"MKD","","ALL","2000","0.15"
"MKD","","ALL","2001","0.1"
"MKD","","ALL","2002","0.05"
"MKD","","ALL","2003","0.1"
"MKD","","ALL","2004","0.1"
"MKD","","ALL","2005","0.1"
"MKD","","ALL","2006","0.2"
"MKD","","ALL","2007","0.1"
"MKD","","ALL","2009","0.05"
"MKD","","ALL","2010","0.24"
"MKD","","ALL","2011","0.05"
"MKD","","ALL","2013","0.1"
"MLT","","ALL","2000","0"
"MLT","","ALL","2001","0"
"MLT","","ALL","2002","0.25"
"MLT","","ALL","2003","2.26"
"MLT","","ALL","2004","2.99"
"MLT","","ALL","2005","4.95"
"MLT","","ALL","2006","2.96"
"MLT","","ALL","2007","2.95"
"MLT","","ALL","2008","3.91"
"MLT","","ALL","2009","4.61"
"MLT","","ALL","2010","5.79"
"MLT","","ALL","2011","10.09"
"MLT","","ALL","2012","8.34"
"MLT","","ALL","2013","9.21"
"MNE","","ALL","2006","0.32"
"MNE","","ALL","2007","0.64"
"MNE","","ALL","2008","0.64"
"MNE","","ALL","2009","0.48"
"MNE","","ALL","2010","0.97"
"MNE","","ALL","2011","0"
"MNE","","ALL","2012","1.29"
"MNE","","ALL","2013","0.97"
"NLD","","ALL","1982","6.91"
"NLD","","ALL","1983","6.24"
"NLD","","ALL","1985","4.04"
"NLD","","ALL","1986","2.88"
"NLD","","ALL","1987","2.88"
"NLD","","ALL","1988","2.68"
"NLD","","ALL","1989","3.63"
"NLD","","ALL","1990","3.34"
"NLD","","ALL","1991","1.68"
"NLD","","ALL","1992","1.24"
"NLD","","ALL","1993","0.88"
"NLD","","ALL","1994","0.86"
"NLD","","ALL","1995","1.32"
"NLD","","ALL","1996","1.35"
"NLD","","ALL","1997","1.72"
"NLD","","ALL","1998","0.79"
"NLD","","ALL","1999","1.19"
"NLD","","ALL","2000","1.51"
"NLD","","ALL","2001","2.11"
"NLD","","ALL","2002","3.03"
"NLD","","ALL","2003","4.42"
"NLD","","ALL","2004","5.29"
"NLD","","ALL","2005","4.28"
"NLD","","ALL","2006","4.77"
"NLD","","ALL","2007","3.98"
"NLD","","ALL","2008","4.73"
"NLD","","ALL","2009","4.16"
"NLD","","ALL","2010","3.98"
"NLD","","ALL","2011","3.8"
"NOR","","ALL","1980","2.64"
"NOR","","ALL","1981","4.51"
"NOR","","ALL","1982","5.13"
"NOR","","ALL","1983","4.24"
"NOR","","ALL","1984","3.6"
"NOR","","ALL","1985","2.96"
"NOR","","ALL","1986","2.02"
"NOR","","ALL","1987","1.7"
"NOR","","ALL","1988","1.57"
"NOR","","ALL","1989","1.28"
"NOR","","ALL","1990","1.16"
"NOR","","ALL","1991","1.22"
"NOR","","ALL","1992","1.12"
"NOR","","ALL","1993","0.19"
"NOR","","ALL","1994","0.39"
"NOR","","ALL","1995","0.21"
"NOR","","ALL","1996","0.16"
"NOR","","ALL","1997","0.27"
"NOR","","ALL","1998","0.25"
"NOR","","ALL","1999","1.19"
"NOR","","ALL","2000","0.94"
"NOR","","ALL","2001","0.73"
"NOR","","ALL","2002","1.41"
"NOR","","ALL","2003","1.1"
"NOR","","ALL","2004","0.94"
"NOR","","ALL","2005","0.52"
"NOR","","ALL","2006","1.44"
"NOR","","ALL","2007","1.3"
"NOR","","ALL","2010","2.41"
"NOR","","ALL","2011","2.62"
"NOR","","ALL","2012","2.23"
"","NORDIC","ALL","1980","4.65"
"","NORDIC","ALL","1981","5.38"
"","NORDIC","ALL","1982","5.85"
"","NORDIC","ALL","1983","4.43"
"","NORDIC","ALL","1984","3.02"
"","NORDIC","ALL","1985","2.94"
"","NORDIC","ALL","1986","2.01"
"","NORDIC","ALL","1987","1.6"
"","NORDIC","ALL","1988","1.37"
"","NORDIC","ALL","1989","1.45"
"","NORDIC","ALL","1990","1.49"
"","NORDIC","ALL","1991","1.3"
"","NORDIC","ALL","1992","1.05"
"","NORDIC","ALL","1993","0.96"
"","NORDIC","ALL","1994","0.87"
"","NORDIC","ALL","1995","1.37"
"","NORDIC","ALL","1996","1.44"
"","NORDIC","ALL","1997","1.32"
"","NORDIC","ALL","1998","1.29"
"","NORDIC","ALL","1999","1.28"
"","NORDIC","ALL","2000","1.87"
"","NORDIC","ALL","2001","1.46"
"","NORDIC","ALL","2002","1.51"
"","NORDIC","ALL","2003","1.82"
"","NORDIC","ALL","2004","1.88"
"","NORDIC","ALL","2005","1.61"
"","NORDIC","ALL","2006","1.81"
"","NORDIC","ALL","2007","2.34"
"","NORDIC","ALL","2008","2.43"
"","NORDIC","ALL","2009","3.06"
"","NORDIC","ALL","2010","3.71"
"","NORDIC","ALL","2011","3.68"
"","NORDIC","ALL","2012","3.24"
"POL","","ALL","1980","14.95"
"POL","","ALL","1981","12.61"
"POL","","ALL","1982","12.55"
"POL","","ALL","1983","11.13"
"POL","","ALL","1984","9.3"
"POL","","ALL","1985","3.04"
"POL","","ALL","1986","7.05"
"POL","","ALL","1987","6.71"
"POL","","ALL","1988","6.54"
"POL","","ALL","1989","5.18"
"POL","","ALL","1990","5.39"
"POL","","ALL","1991","5.47"
"POL","","ALL","1992","5.4"
"POL","","ALL","1993","5.03"
"POL","","ALL","1994","4.59"
"POL","","ALL","1995","4.06"
"POL","","ALL","1996","3.88"
"POL","","ALL","1997","3.14"
"POL","","ALL","1998","2.71"
"POL","","ALL","1999","2.74"
"POL","","ALL","2000","2.53"
"POL","","ALL","2001","2.76"
"POL","","ALL","2002","3.05"
"POL","","ALL","2003","2.54"
"POL","","ALL","2004","2.25"
"POL","","ALL","2005","2.17"
"POL","","ALL","2006","3"
"POL","","ALL","2007","2.23"
"POL","","ALL","2009","3.32"
"POL","","ALL","2010","2.45"
"PRT","","ALL","1980","6.23"
"PRT","","ALL","1981","7.48"
"PRT","","ALL","1982","5.4"
"PRT","","ALL","1983","2.58"
"PRT","","ALL","1984","3.04"
"PRT","","ALL","1985","2.78"
"PRT","","ALL","1986","2.61"
"PRT","","ALL","1987","4.65"
"PRT","","ALL","1988","2.51"
"PRT","","ALL","1989","2.28"
"PRT","","ALL","1990","1.83"
"PRT","","ALL","1991","1.79"
"PRT","","ALL","1992","1.75"
"PRT","","ALL","1993","1.91"
"PRT","","ALL","1994","1.95"
"PRT","","ALL","1995","2.17"
"PRT","","ALL","1996","2.05"
"PRT","","ALL","1997","2.33"
"PRT","","ALL","1998","1.72"
"PRT","","ALL","1999","2.47"
"PRT","","ALL","2000","1.7"
"PRT","","ALL","2001","1.29"
"PRT","","ALL","2002","1.24"
"PRT","","ALL","2003","1.59"
"PRT","","ALL","2004","1.05"
"PRT","","ALL","2005","1.18"
"PRT","","ALL","2006","1.34"
"PRT","","ALL","2007","1.26"
"PRT","","ALL","2009","1.54"
"PRT","","ALL","2010","1.8"
"PRT","","ALL","2012","2.54"
"PRT","","ALL","2013","1.85"
"ROU","","ALL","1980","10.12"
"ROU","","ALL","1981","7.22"
"ROU","","ALL","1982","6.27"
"ROU","","ALL","1983","6.73"
"ROU","","ALL","1984","8.11"
"ROU","","ALL","1985","6.95"
"ROU","","ALL","1986","7.08"
"ROU","","ALL","1987","8.64"
"ROU","","ALL","1988","10.97"
"ROU","","ALL","1989","19.8"
"ROU","","ALL","1990","23.16"
"ROU","","ALL","1991","25.85"
"ROU","","ALL","1992","26.03"
"ROU","","ALL","1993","26.46"
"ROU","","ALL","1994","29.11"
"ROU","","ALL","1995","35"
"ROU","","ALL","1996","32.19"
"ROU","","ALL","1997","34.17"
"ROU","","ALL","1998","34.48"
"ROU","","ALL","1999","36.9"
"ROU","","ALL","2000","45.17"
"ROU","","ALL","2001","55.96"
"ROU","","ALL","2002","58.28"
"ROU","","ALL","2003","44.62"
"ROU","","ALL","2004","40.78"
"ROU","","ALL","2005","31.73"
"ROU","","ALL","2006","26.21"
"ROU","","ALL","2007","22.69"
"ROU","","ALL","2008","18.67"
"ROU","","ALL","2009","15.07"
"ROU","","ALL","2010","10.85"
"ROU","","ALL","2011","0"
"ROU","","ALL","2012","7.98"
"ROU","","ALL","2013","4.9"
"RUS","","ALL","1980","23.01"
"RUS","","ALL","1981","19.84"
"RUS","","ALL","1982","17.15"
"RUS","","ALL","1983","14.84"
"RUS","","ALL","1984","12.36"
"RUS","","ALL","1985","9.76"
"RUS","","ALL","1986","7.27"
"RUS","","ALL","1987","5.07"
"RUS","","ALL","1988","4.3"
"RUS","","ALL","1989","4.31"
"RUS","","ALL","1990","5.35"
"RUS","","ALL","1991","7.22"
"RUS","","ALL","1992","13.41"
"RUS","","ALL","1993","34.1"
"RUS","","ALL","1994","86.24"
"RUS","","ALL","1995","178.3"
"RUS","","ALL","1996","264.95"
"RUS","","ALL","1997","277.65"
"RUS","","ALL","1998","235.1"
"RUS","","ALL","1999","187.16"
"RUS","","ALL","2000","165.67"
"RUS","","ALL","2001","144.09"
"RUS","","ALL","2002","121.39"
"RUS","","ALL","2003","94.6"
"RUS","","ALL","2004","78.76"
"RUS","","ALL","2005","66.37"
"RUS","","ALL","2006","62.93"
"RUS","","ALL","2007","62.05"
"RUS","","ALL","2008","59.18"
"RUS","","ALL","2009","52.38"
"RUS","","ALL","2010","43.87"
"RUS","","ALL","2011","37.93"
"RUS","","ALL","2012","32.98"
"RUS","","ALL","2013","28.8"
"","SEEHN","ALL","1985","5.74"
"","SEEHN","ALL","1986","4.87"
"","SEEHN","ALL","1987","5.23"
"","SEEHN","ALL","1988","5.91"
"","SEEHN","ALL","1989","9.64"
"","SEEHN","ALL","1990","11.23"
"","SEEHN","ALL","1991","12.84"
"","SEEHN","ALL","1992","15.28"
"","SEEHN","ALL","1993","19.45"
"","SEEHN","ALL","1994","22.69"
"","SEEHN","ALL","1995","29.99"
"","SEEHN","ALL","1996","31.89"
"","SEEHN","ALL","1997","30.13"
"","SEEHN","ALL","1998","30.37"
"","SEEHN","ALL","1999","28"
"","SEEHN","ALL","2000","28.28"
"","SEEHN","ALL","2001","31.89"
"","SEEHN","ALL","2002","42.26"
"","SEEHN","ALL","2003","34.6"
"","SEEHN","ALL","2004","31.56"
"","SEEHN","ALL","2005","26.15"
"","SEEHN","ALL","2006","15.86"
"","SEEHN","ALL","2007","15.2"
"","SEEHN","ALL","2008","12.96"
"","SEEHN","ALL","2009","15.72"
"","SEEHN","ALL","2010","9.73"
"","SEEHN","ALL","2011","5.24"
"","SEEHN","ALL","2012","8.44"
"","SEEHN","ALL","2013","7.28"
"","SMALL","ALL","2000","4.2"
"","SMALL","ALL","2001","3.66"
"","SMALL","ALL","2002","2.51"
"","SMALL","ALL","2003","2.6"
"","SMALL","ALL","2004","2.2"
"","SMALL","ALL","2005","3.23"
"","SMALL","ALL","2006","2.11"
"","SMALL","ALL","2007","2.13"
"","SMALL","ALL","2008","2.37"
"","SMALL","ALL","2009","2.49"
"","SMALL","ALL","2010","3.11"
"","SMALL","ALL","2011","3.64"
"","SMALL","ALL","2012","3.04"
"","SMALL","ALL","2013","3.41"
"SMR","","ALL","2003","7.41"
"SMR","","ALL","2004","0"
"SMR","","ALL","2005","3.35"
"SMR","","ALL","2006","0"
"SMR","","ALL","2007","15.6"
"SMR","","ALL","2008","10.43"
"SMR","","ALL","2009","10.35"
"SMR","","ALL","2010","12.5"
"SMR","","ALL","2011","3.12"
"SMR","","ALL","2013","6.17"
"SRB","","ALL","1998","1.15"
"SRB","","ALL","1999","1.02"
"SRB","","ALL","2000","1"
"SRB","","ALL","2001","2.89"
"SRB","","ALL","2002","1.04"
"SRB","","ALL","2003","1.03"
"SRB","","ALL","2004","0.94"
"SRB","","ALL","2005","0.91"
"SRB","","ALL","2006","0.77"
"SRB","","ALL","2007","0.95"
"SRB","","ALL","2008","0.68"
"SRB","","ALL","2009","0.92"
"SRB","","ALL","2010","1.19"
"SRB","","ALL","2011","0.93"
"SRB","","ALL","2012","1.29"
"SVK","","ALL","1980","2.99"
"SVK","","ALL","1981","2.53"
"SVK","","ALL","1982","1.66"
"SVK","","ALL","1983","1.36"
"SVK","","ALL","1984","2.01"
"SVK","","ALL","1985","1.28"
"SVK","","ALL","1986","1.58"
"SVK","","ALL","1987","1.76"
"SVK","","ALL","1988","1.75"
"SVK","","ALL","1989","0.95"
"SVK","","ALL","1990","0.6"
"SVK","","ALL","1991","0.79"
"SVK","","ALL","1992","2.15"
"SVK","","ALL","1993","1.09"
"SVK","","ALL","1994","1.66"
"SVK","","ALL","1995","2.13"
"SVK","","ALL","1996","2.85"
"SVK","","ALL","1997","3.55"
"SVK","","ALL","1998","3.17"
"SVK","","ALL","1999","4.56"
"SVK","","ALL","2000","5.7"
"SVK","","ALL","2001","6.62"
"SVK","","ALL","2002","6.01"
"SVK","","ALL","2003","4.28"
"SVK","","ALL","2004","3.79"
"SVK","","ALL","2005","3.29"
"SVK","","ALL","2006","4.17"
"SVK","","ALL","2007","3.17"
"SVK","","ALL","2008","4.16"
"SVK","","ALL","2009","5.44"
"SVK","","ALL","2010","6.17"
"SVK","","ALL","2011","5"
"SVK","","ALL","2012","6.31"
"SVK","","ALL","2013","5.17"
"SVN","","ALL","1980","2.11"
"SVN","","ALL","1981","1.85"
"SVN","","ALL","1982","1.62"
"SVN","","ALL","1983","1.87"
"SVN","","ALL","1984","1.19"
"SVN","","ALL","1985","2.43"
"SVN","","ALL","1986","1.77"
"SVN","","ALL","1987","1.26"
"SVN","","ALL","1988","2.55"
"SVN","","ALL","1989","2.35"
"SVN","","ALL","1990","2"
"SVN","","ALL","1991","1.3"
"SVN","","ALL","1992","0.9"
"SVN","","ALL","1993","1.26"
"SVN","","ALL","1994","2.26"
"SVN","","ALL","1995","2.36"
"SVN","","ALL","1996","2.31"
"SVN","","ALL","1997","1.46"
"SVN","","ALL","1998","2.02"
"SVN","","ALL","1999","0.55"
"SVN","","ALL","2000","0.55"
"SVN","","ALL","2001","1.2"
"SVN","","ALL","2002","0.65"
"SVN","","ALL","2003","0.55"
"SVN","","ALL","2004","0.8"
"SVN","","ALL","2005","2"
"SVN","","ALL","2006","1.44"
"SVN","","ALL","2007","1.88"
"SVN","","ALL","2008","4.56"
"SVN","","ALL","2009","3.72"
"SVN","","ALL","2010","2.73"
"SVN","","ALL","2011","5.41"
"SWE","","ALL","1980","4.04"
"SWE","","ALL","1981","4.92"
"SWE","","ALL","1982","5.89"
"SWE","","ALL","1983","4.26"
"SWE","","ALL","1984","2.12"
"SWE","","ALL","1985","1.83"
"SWE","","ALL","1986","1.36"
"SWE","","ALL","1987","1.42"
"SWE","","ALL","1988","1.03"
"SWE","","ALL","1989","1.05"
"SWE","","ALL","1990","1.67"
"SWE","","ALL","1991","1.37"
"SWE","","ALL","1992","0.89"
"SWE","","ALL","1993","1.1"
"SWE","","ALL","1994","0.76"
"SWE","","ALL","1995","0.78"
"SWE","","ALL","1996","0.59"
"SWE","","ALL","1997","0.52"
"SWE","","ALL","1998","0.47"
"SWE","","ALL","1999","0.44"
"SWE","","ALL","2000","1.12"
"SWE","","ALL","2001","0.88"
"SWE","","ALL","2002","1.43"
"SWE","","ALL","2003","2"
"SWE","","ALL","2004","2.11"
"SWE","","ALL","2005","1.21"
"SWE","","ALL","2006","1.89"
"SWE","","ALL","2007","2.61"
"SWE","","ALL","2008","1.87"
"SWE","","ALL","2009","1.95"
"SWE","","ALL","2010","2.12"
"SWE","","ALL","2011","2.18"
"SWE","","ALL","2012","2.11"
"SWE","","ALL","2013","2.86"
"TJK","","ALL","1981","10.42"
"TJK","","ALL","1982","14.69"
"TJK","","ALL","1983","12.05"
"TJK","","ALL","1984","16.66"
"TJK","","ALL","1985","16.37"
"TJK","","ALL","1986","10.62"
"TJK","","ALL","1987","7.94"
"TJK","","ALL","1988","2.99"
"TJK","","ALL","1989","1.68"
"TJK","","ALL","1990","1.62"
"TJK","","ALL","1991","1.67"
"TJK","","ALL","1992","2.93"
"TJK","","ALL","1993","5.92"
"TJK","","ALL","1994","7.97"
"TJK","","ALL","1995","20.36"
"TJK","","ALL","1996","19.67"
"TJK","","ALL","1997","19.89"
"TJK","","ALL","1998","23.04"
"TJK","","ALL","1999","17.1"
"TJK","","ALL","2000","12.93"
"TJK","","ALL","2001","11.71"
"TJK","","ALL","2003","12.2"
"TJK","","ALL","2004","10.45"
"TJK","","ALL","2006","8.68"
"TJK","","ALL","2007","7.86"
"TJK","","ALL","2008","4.96"
"TJK","","ALL","2009","6.72"
"TJK","","ALL","2010","5.35"
"TKM","","ALL","2002","0.71"
"TUR","","ALL","1980","23.17"
"TUR","","ALL","1981","22.27"
"TUR","","ALL","1982","19.23"
"TUR","","ALL","1983","15.22"
"TUR","","ALL","1984","10.22"
"TUR","","ALL","1985","8.12"
"TUR","","ALL","1986","7.71"
"TUR","","ALL","1987","7.19"
"TUR","","ALL","1988","6.28"
"TUR","","ALL","1989","5.69"
"TUR","","ALL","1990","5.45"
"TUR","","ALL","1991","4.83"
"TUR","","ALL","1992","4.65"
"TUR","","ALL","1993","4.56"
"TUR","","ALL","1994","4.76"
"TUR","","ALL","1995","4.98"
"TUR","","ALL","1996","4.75"
"TUR","","ALL","1997","5.2"
"TUR","","ALL","1998","5.56"
"TUR","","ALL","1999","5.39"
"TUR","","ALL","2000","5.16"
"TUR","","ALL","2001","5.2"
"TUR","","ALL","2002","5.13"
"TUR","","ALL","2003","5.64"
"TUR","","ALL","2004","0.52"
"TUR","","ALL","2005","1.16"
"TUR","","ALL","2006","1.02"
"TUR","","ALL","2007","1.33"
"TUR","","ALL","2008","0.92"
"TUR","","ALL","2009","0.97"
"UKR","","ALL","1993","35.1"
"UKR","","ALL","1994","69.04"
"UKR","","ALL","1995","119.03"
"UKR","","ALL","1996","151.59"
"UKR","","ALL","1997","147.72"
"UKR","","ALL","1998","138.91"
"UKR","","ALL","1999","114.34"
"UKR","","ALL","2000","91.87"
"UKR","","ALL","2001","77.42"
"UKR","","ALL","2002","64.11"
"UKR","","ALL","2003","54.91"
"UKR","","ALL","2004","48.89"
"UKR","","ALL","2005","42.19"
"UKR","","ALL","2006","34.45"
"UKR","","ALL","2007","30.02"
"UKR","","ALL","2008","27.54"
"UKR","","ALL","2010","16.16"
"UKR","","ALL","2011","2.94"
"UZB","","ALL","1980","10.97"
"UZB","","ALL","1981","12.95"
"UZB","","ALL","1982","16.22"
"UZB","","ALL","1983","17.75"
"UZB","","ALL","1984","15.81"
"UZB","","ALL","1985","12.61"
"UZB","","ALL","1986","7.69"
"UZB","","ALL","1987","5.6"
"UZB","","ALL","1988","4.45"
"UZB","","ALL","1989","3.11"
"UZB","","ALL","1990","1.78"
"UZB","","ALL","1991","1.92"
"UZB","","ALL","1992","2.32"
"UZB","","ALL","1993","4.37"
"UZB","","ALL","1994","11.28"
"UZB","","ALL","1995","24.68"
"UZB","","ALL","1996","39.51"
"UZB","","ALL","1997","46.91"
"UZB","","ALL","1998","44.99"
"UZB","","ALL","1999","37.82"
"UZB","","ALL","2000","29.55"
"UZB","","ALL","2001","27.61"
"UZB","","ALL","2002","25.94"
"UZB","","ALL","2003","21.88"
"UZB","","ALL","2004","19.18"
"UZB","","ALL","2005","16.18"
"UZB","","ALL","2007","11.8"
"UZB","","ALL","2008","10.08"
"UZB","","ALL","2009","9.75"
"UZB","","ALL","2010","8.6"
"UZB","","ALL","2011","6.95"
"","WHO_EURO","ALL","1980","12.83"
"","WHO_EURO","ALL","1981","11.88"
"","WHO_EURO","ALL","1982","11.04"
"","WHO_EURO","ALL","1983","10.5"
"","WHO_EURO","ALL","1984","9.63"
"","WHO_EURO","ALL","1985","8.13"
"","WHO_EURO","ALL","1986","7.2"
"","WHO_EURO","ALL","1987","6.33"
"","WHO_EURO","ALL","1988","5.72"
"","WHO_EURO","ALL","1989","5.68"
"","WHO_EURO","ALL","1990","5.9"
"","WHO_EURO","ALL","1991","6.44"
"","WHO_EURO","ALL","1992","7.89"
"","WHO_EURO","ALL","1993","12.42"
"","WHO_EURO","ALL","1994","26.21"
"","WHO_EURO","ALL","1995","50.54"
"","WHO_EURO","ALL","1996","72.49"
"","WHO_EURO","ALL","1997","74.88"
"","WHO_EURO","ALL","1998","64.79"
"","WHO_EURO","ALL","1999","51.81"
"","WHO_EURO","ALL","2000","45.06"
"","WHO_EURO","ALL","2001","39.58"
"","WHO_EURO","ALL","2002","34.61"
"","WHO_EURO","ALL","2003","27.9"
"","WHO_EURO","ALL","2004","23.71"
"","WHO_EURO","ALL","2005","20.04"
"","WHO_EURO","ALL","2006","17.96"
"","WHO_EURO","ALL","2007","17.21"
"","WHO_EURO","ALL","2008","16.21"
"","WHO_EURO","ALL","2009","14.93"
"","WHO_EURO","ALL","2010","12.64"
"","WHO_EURO","ALL","2011","10.65"
"","WHO_EURO","ALL","2012","9.88"
"","WHO_EURO","ALL","2013","9.16"